time,x1,x2,x3,x4,x5,x6,x7,x8,x9,x10,y
0,-0.0011287651717261024,-0.06716820312482157,0.06811567818817829,-0.04925502932322833,-0.15498711236518026,-0.08479073842373212,0.400999681508675,0.34471834065795026,-0.07379357492604707,-0.3340570259578922,2759.5311307884976
1,-0.03352055655917979,0.002889423817429855,-0.3559313773020395,-0.021399411329762866,-0.32573892272878113,-0.0512172998848655,0.17219403568786273,0.20770699282235328,-0.26180135102877633,0.054235839382049456,2795.597841252405
2,-0.2151578969718017,0.5059877418943203,-0.4840048022855814,0.07232939154599037,-0.25960751068892096,-0.09809752766231072,0.042181542872266546,0.13436052285002714,-0.09654409937647956,0.023329451485459833,2827.973812766736
3,-0.3846622740069347,0.11415637819316127,-0.7403161443989272,-0.049414479721942434,-0.08660363975082003,-0.1932631820087486,-0.13651085267577945,-0.2164506677957209,0.26615574897115546,0.32075991332960574,2872.3992877634896
4,-0.9013112157246724,0.9433895389004905,-0.304578448566073,0.48866698366551753,-0.14268140507763677,-0.061109718328917935,0.17117472900536074,0.4453517998939609,0.5463652683197145,0.9148365248588373,2908.625975078826
5,-0.7530908892667949,0.4963053183613443,-0.4989763944681758,0.8059435766366023,-0.46042800326239836,0.21192794510265411,0.4283069291015364,0.6605715923084392,0.20961522156816284,0.5278841701344039,2887.4916174829045
6,-0.914758197964781,0.07932684730604389,0.1849978041267297,0.35246481925782674,-0.35843519217355424,-0.12993023769356513,0.8286630409174389,1.1519588167553974,0.3148738114615275,-0.030329073613579678,2856.8122684282
7,-0.9205512985301879,0.319831604494241,0.3574948589799407,0.17561111895550002,-0.06833850386955576,-0.2081318641052995,0.7194612033230543,1.5091697925751597,0.36281705074785564,0.6951524283348591,2885.7257178613636
8,-0.8644976495613442,-0.05043654574718581,0.4441438803599903,-0.02605889667604453,-0.21822628288005155,-0.19470961487910804,0.885170457194444,1.7144386451630154,-0.057107444595036055,0.9708282608402399,2936.168926136868
9,-0.8496476524160689,0.742855387036865,0.22609433157819123,-0.07928337186577439,-0.406950545873495,0.22184146631969442,0.7607668519399696,1.4587062961336061,-0.2585051192080192,0.698845198744905,2922.9253521268834
10,-0.8751671782418069,0.9446882280782777,0.036103775873888966,-0.5259652398307567,0.004249848016469701,-0.28994754114841054,0.4586480210212035,1.6484301667362575,-1.0284748679656934,0.8760555690998836,2919.563358323175
11,-1.1538532572081583,1.0509530074509688,0.10628802206931379,-0.4599523204826879,0.0461314567549132,-0.6184954466056104,1.1704615548947928,2.1142245324545033,-0.7495450019609678,1.2478207591552957,2957.7094740681305
12,-0.6761077294482898,1.195284760173413,0.15904148935228196,-0.7554682790026052,0.08961350480837457,-0.7054097089997728,0.813644547990569,2.118638182573303,-0.8496794403436079,0.8773600118558795,2981.961818014291
13,-0.9803671002193255,1.1840772289230164,0.39485572127422996,-0.3759500522709662,0.12012637152627839,-0.2712535230854441,1.0857305660868157,2.369701067558847,-1.4379625379219165,1.1174905577586118,3008.72904975197
14,-0.857804603831065,1.3059950165034744,0.3957674973231942,-0.35665970866860064,0.35413368548356156,-0.5975931974878761,0.630583896854057,2.41146808312973,-1.7217975912833399,1.6067540811618917,2983.0534123773987
15,-1.200183506455167,1.454711864204694,0.3750776054234518,-0.6520170816107153,0.60036623460091,-1.1893935780188822,0.530525465210766,2.389707639587129,-2.187214290326152,0.7097821216359799,3020.146834716372
16,-0.8220322855252996,1.3182371840438833,0.07282037997440755,-0.6466502686850357,0.6906408987812936,-0.9680661611567482,0.7557999480858049,1.8300303105724802,-1.5545660554380656,0.9377134850849748,3057.835688587267
17,-0.5894933809454214,1.1701679677161119,0.26997736996356,-0.6253000885109199,1.243086529898476,-1.0197444440706505,0.18844970962324167,2.256394355462154,-2.0859800455713713,1.0409308499963061,3073.6968431913297
18,-0.6622686068362391,0.9846821398217004,0.40067696202997893,-0.5143941547063162,0.9076878924522004,-0.9079456717248021,0.14613013402982983,2.521645304137677,-2.1230590648948895,0.8364165286785507,3100.5087435056153
19,-1.222846694113197,0.8395156184173893,0.8872972243526137,-0.6493023641600307,0.7972422076472542,-0.38792159630446427,-0.21702694890484353,2.4155637748779077,-2.1648169642225246,0.8609483077232484,3094.9479375422366
20,-1.3205170256000802,0.5321339045411099,0.305051564480889,-0.4281709209666978,1.2144279887297433,-0.663308168722005,-0.3228949028592951,2.0994163337553005,-2.482400898509836,1.7141619803036852,3095.0780068776817
21,-1.3391864627407633,0.8914678706655703,0.16305899156381398,-0.1542991688640796,1.0409780973573235,-0.34594159245624156,-0.2325192267050349,1.8595435977227575,-2.582426821356243,2.408659263118518,3168.0802710969174
22,-1.2473614743761632,0.44013746150842553,-0.17964068336459338,0.07649857523467844,0.9655676618676201,0.011326262769760776,0.014268912913332585,1.9200904467218387,-2.877997849153711,1.9480002569436456,3114.964850533319
23,-1.473312116298629,0.08499978128219317,0.14957071696624458,0.46201290460607053,0.44235301906328833,-0.3933624115787215,-0.394009417690779,1.5401793608267857,-3.836343354008191,1.7774640541005753,3177.9345808635226
24,-1.1113664114497286,-0.06391026372955103,0.46903535816887265,0.393960297249368,1.1231287713103635,-0.29149182991920686,-0.6976723942224426,2.2778097568469766,-3.724744002713626,1.4357396115148138,3125.3459667829015
25,-1.1458481570159451,0.21453302502534213,1.0467959132970495,-0.03832236132178389,1.390415866561967,-0.1256326247244594,-0.8371635967219992,2.5048798375676027,-3.9946254732183926,1.9427272922823962,3186.9571489103582
26,-1.2632347001200572,-0.45079915258453107,0.3173033003846466,-0.03340836125961453,1.2030955870052242,0.36206560268596194,-1.0113763930746011,2.4215255059180363,-4.485217590228615,1.8308334416899241,3119.5760952182977
27,-0.4709960081098532,0.30351957412405606,0.40324953130496555,-0.5500175988353875,0.9669976098624589,0.3664263080322244,-1.1648971128321035,2.2543556386487205,-4.819503076040235,2.1385375661874972,3196.999332794743
28,-0.5749615210090733,0.0004944599729487615,0.34960630757261046,-0.5735644453801794,0.16759819861850409,0.28120139253457616,-1.3600429966835226,1.809374149226288,-5.137801077211518,2.4029664809485825,3165.2069021023426
29,-0.796306091315228,-0.4731849000193037,0.329787025951566,-0.3520387221629992,-0.21006631654756508,0.23550041323627458,-1.5335111558734422,1.833241662308949,-5.400400867327587,2.6812070570461843,3184.998742070586
30,-0.30387746578110897,-0.3985272439272476,0.6536771495630905,-1.5485116373254346,-0.17790823599906677,0.39748425454140046,-1.422002958395954,1.6482663431536375,-5.370701307345844,2.6571814180635744,3197.878564936319
31,-0.4320977656735806,-0.2975591826010091,0.9516308280683701,-1.862358853145895,0.24427273592795273,0.6223247291214873,-1.8212992845817866,1.6100685995182469,-5.700082944195607,3.1061119160117885,3196.7953800633545
32,-0.43184147329588196,-0.39052113208627626,0.6601702425630374,-1.5115978896372433,0.5070055247017458,0.35231008612497056,-1.7625433107309378,1.423860130021697,-5.819324336819627,2.7478077335192372,3140.258587946454
33,-0.316125206444681,-1.0297937853206545,0.7495752979252969,-1.5539754722703518,0.762453316027139,0.3300170059150376,-1.4146946340513462,1.1115986844513834,-5.377059713461895,2.487714535786936,3290.8615024074925
34,-0.5524154496821887,-0.7728199519985786,1.2803523939145491,-1.8325069161361829,0.38313017513608305,-0.10120664150236966,-1.4236972352524986,1.0387847383115074,-4.9214553930154255,2.8647644334008904,3228.3940552335216
35,-0.9970002279187359,-0.35803518987098104,1.3354643450676245,-2.0222344322779757,0.8617051200725645,-0.12367310161315842,-1.779216344641013,1.0504590077776506,-4.478513184027786,2.8668054351835255,3205.136608636882
36,-1.363460470406212,0.16391049795826845,1.3466499536485104,-2.229564526046432,0.634654636277778,-0.24760546098508374,-1.5422922364622824,1.0828083704755442,-4.806568891422334,3.131169689453767,3289.235355999321
37,-1.3057863664739013,0.11328621016366325,1.6425658445428601,-1.7057386177159912,0.42048582977176435,-0.33599327573488996,-1.3347765281300912,1.1215380292863144,-4.577084478365997,3.411552243415794,3308.7955510469355
38,-1.73313617394007,-0.10621006998191024,1.3756961685029472,-1.7604959099505926,0.17194960815383664,-0.6081001570323451,-1.7174660833580215,1.0657810082355799,-4.793421089376287,3.612263060001467,3262.309648618548
39,-1.5579017154843047,-0.4694253924581788,1.2409906265842892,-1.8857931502449352,0.4965415649484193,-0.7018927212766651,-1.1445801769330604,0.7716535837413507,-4.913151510761116,3.565418509463629,3264.2583804878627
40,-1.4311810696630405,-0.20117474705802604,0.8767551211761222,-1.1243028141789615,0.030688875475707617,-0.30792884826780115,-1.64479172410992,0.9851736234623627,-5.146287949745454,3.7600697160749497,3237.6503836518964
41,-1.446466597565993,-0.10486494112992104,0.8076963680087315,-2.2398847672933897,-0.4087883673649656,-0.5141063009001239,-1.6666021777363467,1.323799424532273,-4.945781207196433,3.9173812113311124,3292.348998375971
42,-2.026745111489376,0.7053137326167148,0.9118115300296997,-2.09186110327958,0.3800107373055747,-0.5200901251580463,-2.1016093878397877,1.1980962685132692,-4.287710069561874,3.5658156716900478,3252.6374702666617
43,-1.2588276640947473,0.36920256744887736,1.4007089086748323,-2.0210738590013895,0.3641315853812916,-0.10289563504449621,-2.2705897543136766,1.6999638368336805,-4.374635329977759,3.4185068818908384,3345.678348146208
44,-1.120070694090177,0.42951134215640663,1.5794808655579824,-1.4050909736557502,0.7138240689353393,0.27773989744374283,-2.6203618973702847,1.707278706165539,-4.2966960561541825,3.262561869130788,3285.8513865574823
45,-0.948182442968486,0.561319782202073,1.9426376957904263,-1.4798110750319102,0.539334733428159,-0.07606308878799033,-2.9040709352724288,1.9728919687031583,-4.207722064057891,3.3782611913535394,3309.8229137685007
46,-1.4070372172674743,0.019963423566415964,1.4708264973397625,-0.919193918898698,0.7464351910232112,-0.01017665536351807,-3.23316884034993,1.8096320237240913,-4.405706998898668,3.3759986679909706,3268.753696748595
47,-2.101547621462416,-0.15280129409852744,1.3734729634625218,-0.49975359607476,0.9747133540615395,0.4857034241230995,-3.1182448862863414,2.092131749340472,-5.51202835902005,3.5288318586272807,3277.8509452374515
48,-1.9947888590851992,0.3734413356468337,1.3462195086137287,-0.5037732398516599,0.684873360794393,-0.03428039673543293,-3.490587643634003,1.710688608643075,-5.109309460784034,3.557338336903031,3308.0371660788574
49,-2.2084040879899467,0.34919794452835334,1.3108990585575917,-0.7194936800040548,1.036375785589433,-0.4595125481573009,-3.6408905003047156,1.8882022844344886,-5.6647283453203645,3.686457951469366,3264.670919486512
50,-1.95166447774776,0.64173956211338,0.9509275262429199,-1.0561781199586537,1.2805920199756966,-0.396339074889178,-3.4484496393037145,2.151325162087204,-5.35120850222352,3.597329524018158,3322.898683675928
51,-1.9778841028363732,0.5638052663154441,0.7688944840849243,-1.052641379623181,1.8632107227613166,-0.685656167306719,-2.9774278949492023,2.778811039220129,-5.83126031114933,3.516922219401488,3273.0273655998662
52,-1.7679397586396177,0.4200499797075282,0.3936662207552494,-1.1606220767180702,1.9229262415756312,-0.8365207466454941,-2.339216012101749,2.951607097165142,-5.665930312916607,3.7902225664832256,3306.001985615265
53,-1.6563087902805262,0.37964168870468107,0.31385218185057445,-0.6337807682973481,2.0582539995679747,-0.8148944692981714,-2.937467617139533,2.8944127395707007,-6.297748968715455,3.425672002536215,3267.7994179093766
54,-1.6559509532363135,0.605030003063126,0.7705555108973566,-0.6829664863495544,2.356259089960357,-1.1743840307638387,-2.892469860371719,2.917082290841324,-5.907821739683949,3.6038318602785404,3320.8587832918442
55,-1.5692989241560638,0.4364774476307126,0.8268592098831035,-0.5101732231186042,2.0528211759472397,-1.1912459623907827,-2.9711747340176955,2.428789534346944,-5.700671038607575,3.077753347944279,3248.246675665944
56,-1.697724433920437,0.3281859886311154,0.7818895095108591,-0.012804692917828084,1.9893010762366075,-0.9564530407983992,-2.5405837961750883,2.6330668919805484,-5.42690384827758,3.226246224535494,3286.5956855572686
57,-1.5189910758067537,0.22561143729212815,1.331071500887123,-0.16664169320852334,1.8611884652301236,-0.6564428924008304,-2.4696693640137597,2.549689776350965,-5.358976850198298,2.944933965442128,3282.733282475536
58,-1.2712011852968108,-0.18019772585120003,1.2999251246154802,-0.23770652215368995,1.8057188228502716,-0.888108339086886,-2.670488614891075,2.571875492779045,-5.824722436190069,3.085789440660828,3226.0245933106553
59,-1.5345839024069736,-0.21777015790681764,1.2598948109986008,-0.390768146152231,1.9931899607114567,-1.0792299429354477,-3.209625812829953,2.1234049909165025,-6.1751076079709435,3.178163606322051,3254.890674870503
60,-1.8954964642706096,-0.526712445685135,1.0735332427743114,0.04523963375779473,1.925714773189491,-0.7085607737319393,-3.031816711130689,2.32151249354419,-6.578541564046852,2.9033661508601827,3277.380393992998
61,-1.8689879887451064,-0.63135292506698,1.1980247988308743,0.09053266447215196,2.04470056924719,-0.8628371956260209,-3.870773515058807,2.0099244083625223,-6.2185404796352985,3.492137787515154,3235.893511589766
62,-1.2268535556011244,-0.6640837035582274,1.4018704428709503,0.14547406863912443,1.6379146367374775,-1.5009622902253645,-3.9939097464320756,1.536132789589197,-6.224533253329928,3.642900818959341,3255.7282568001056
63,-1.8068030405755573,-0.6190667891141599,1.8859705822441457,0.3555747742175818,2.0511074315971576,-1.1315530444208224,-3.255971793562852,1.3439413600425307,-6.059078376599794,3.5514824731582206,3176.04746978084
64,-1.996001529271925,-0.7168582834392837,1.604842950014216,0.403120895739401,1.6682840439094169,-1.846188184828176,-3.28365810543775,1.1605389468820815,-6.027880104853759,4.075839911519213,3252.67411473906
65,-2.0875771545912887,-0.9025329334483558,2.0172156871875964,0.3464043262002426,1.852549721535254,-2.0432206806343993,-3.121790986615964,0.8659809633347105,-6.41878441761806,4.336147802208106,3215.515534985281
66,-2.32219742020195,-0.5431750672375393,2.5667937592281693,-0.09828178850596396,1.7645583271498653,-1.5892393960993967,-3.011431023269381,1.257875576193631,-6.646233647259771,4.4329954084086625,3201.006169781808
67,-2.23477284027501,-0.4389627155522679,2.7323007090508815,-0.5170595908224236,1.4135067774740435,-1.0204343904241309,-2.9503556822148234,1.335838905137078,-6.709400947198368,4.442431803210271,3204.828391973227
68,-2.5499928751171326,-0.9451756606933798,3.135079089232918,-0.552164608879296,1.6271137975818035,-1.2836563873423321,-2.642508487370041,1.2904488028101324,-6.400781101415671,4.441478085112529,3208.6008678309136
69,-2.754767789963937,-1.2033599844367728,2.6352475617379723,-0.021626425672036893,2.159399907107828,-1.3539939042691034,-2.709273247971126,1.6887911534225586,-6.476958039975372,4.149416596518642,3194.8947503699387
70,-2.420247093274582,-1.056310812015112,1.979920559553962,-0.06284789451687586,2.1816203239558054,-1.4164430153304517,-2.5953971517630308,1.488881571410185,-6.665523220791699,4.291911396096407,3211.982990718907
71,-2.6565587108352666,-1.2385740314971339,2.501372752566991,-0.30111346484162044,2.079018341296793,-1.8996819987044353,-2.5041876808822368,1.8282844793839588,-6.484095739491326,4.659796633035533,3219.9730596004056
72,-2.4724239629752485,-1.253067948997662,2.641570102682932,-0.2935058516782321,2.5110830526950645,-2.070288265223258,-3.025939230409009,1.8677786146825324,-5.83836020494099,4.331665770743362,3197.147601208557
73,-2.650139062784591,-1.3971602576447828,2.596125859301359,-0.44569189732456926,2.0496994506731374,-2.2246672599574477,-3.2578145448831077,1.7769245988737177,-6.279241550610666,4.112185779503184,3166.3012535818602
74,-3.074433709020121,-1.0357149201261697,2.6401341040403405,-0.9798535438362113,2.0276717977698913,-2.3116136431592365,-3.481847836884206,1.404299830058889,-6.163300985549808,3.9900438090690002,3198.9189698150826
75,-2.759423368993324,-0.7373005590117413,2.9485717682960297,-1.5486417809843176,2.58559564805238,-1.708664833314884,-3.3546031853356864,2.1582169190808127,-6.030399322912863,4.104664655841162,3123.8299093520845
76,-3.130736228599584,-0.4125518785799792,3.0637940591425794,-1.7073300444611568,3.1099933706745824,-2.033774969509659,-3.2555141570652855,2.0525867015467485,-6.0862238631342525,4.183482767639344,3127.6702321704197
77,-2.8343811482224326,-0.5583695620960569,2.3096653843769333,-1.469601372373671,3.118768750554037,-2.491340898146365,-2.9846730042625467,2.3043100743399765,-6.4278359651349355,4.953447367044696,3039.1362252773674
78,-3.114149467336437,-0.7420016609312244,2.1475921914626777,-0.9297783868054778,2.8803448240776635,-2.428010350934068,-3.181228229001484,2.0385697331270727,-6.594071701661094,4.800856552524821,3115.3224854530868
79,-2.8944248516235755,-0.4141586583881593,1.8291930885790466,-0.9460201765394434,3.090481715356571,-2.7155546208010657,-3.4302819119160417,1.934709167974399,-7.087919829418209,4.878418311633321,3088.154342483067
80,-3.161806561361963,-0.10952206563402966,1.7156001268338281,-0.8312312149921279,2.9811279010553546,-2.946366711168863,-3.2054790457044766,1.6446523034390366,-7.315422217009645,4.97060948601721,3124.349562727512
81,-3.0186370067550463,-0.23771237324676453,2.3269596721945995,-0.8220574159806655,3.129703175489427,-3.2444134882430244,-3.3098396754593216,1.4226344868720544,-6.924126766699941,5.151315364798706,3063.7366249555425
82,-2.8410151022393326,-0.6938000652750135,2.3045221240934572,-1.3540699581686606,3.050244536235047,-3.4603022191909742,-3.4281820514061216,1.503635782087824,-6.7754690136046944,5.039586977622269,3047.6974717306202
83,-2.5547469477750466,-0.4022804554182687,1.5430988605428713,-1.2664239844103695,2.970782655647038,-3.144649691214467,-3.4384202932718364,1.3990062856628427,-7.347549319737626,4.942149560933917,3121.2551846747656
84,-2.80521796203119,-0.38689364313611796,1.8823651480874029,-1.233342629562891,2.6657721558275917,-3.0303028421964253,-3.361761807783824,1.7624005399637344,-6.517587770050961,4.919259124821684,3051.0693999120167
85,-2.215553081785369,-0.42257979777873694,1.7779393783846285,-0.9308742663717691,2.9644889366646954,-2.8418301193814677,-3.2494320804660672,1.7092684857627969,-6.372332934331063,5.360112280413389,3001.5834813809006
86,-2.6573753524572026,-0.8309024834684694,1.959994259446023,-1.1239042519613174,2.9378451659857143,-2.6314810635891392,-2.8644783675411905,2.2133755028169264,-6.396948811780597,5.267275913909846,2963.7765958617447
87,-2.6254621300206913,-1.113104335422385,1.8134868707921488,-1.6279050520030933,2.7819209186174843,-2.7814987212522433,-2.849712384407374,2.120066214243496,-6.306106525082963,4.968754276714041,2957.194532525237
88,-2.9485001839280693,-0.8409808496982,1.6155416460265302,-1.2400233465140809,2.935750465741174,-2.864419330513959,-2.9416414846497316,1.9632613043740317,-6.044129287004837,5.264826138245401,3015.3365585524825
89,-3.031978422894269,-0.8265643984205007,1.344331166892501,-1.695972613954579,2.3463291373903936,-2.784058408240635,-2.356627920872147,1.6793134435486425,-5.753987682357854,5.249297070000078,2967.655045157711
90,-3.186241990489498,-0.4693741125514001,1.5192676715110922,-2.4982596156519863,2.645392233194639,-3.262126301779336,-2.624648598460162,1.949192170476884,-5.914792759505325,5.364668914973307,2968.829576425009
91,-3.0465611041210914,-1.0563663280203022,1.251964000064488,-2.1219147458516385,2.4333822157954907,-3.1878479652595777,-2.2359458799859095,1.9611554026694002,-6.310129704086469,5.541180522305944,2948.0265761809715
92,-3.359888820591104,-1.4729795974339,0.8247653591569465,-2.1846742205431235,2.4419109543479687,-3.3101281428606497,-2.752049870966287,1.9362819664756608,-6.538362464674958,5.1797049058136615,2902.676996296885
93,-3.2060261809844195,-1.7427883901017125,1.3673399317418622,-1.3075876804811797,2.66423230619073,-3.5135634662486854,-2.591160720590903,1.3605455759292435,-6.669769397787567,5.384748691375855,2889.3336247470647
94,-3.1308561867235896,-2.0513310996781136,1.088077620111972,-1.002083483948671,3.198415873846761,-3.939319312231509,-3.084403455762495,1.5959174112882453,-7.512068905841823,5.333000365381151,2914.9316857858284
95,-3.1394407568834133,-2.1796518643837466,0.6238410586322481,-1.2025776042992558,2.737702265314281,-3.673087853489667,-3.332093906728139,1.6105339181378038,-7.473189435402084,5.39342531996759,2867.654518822485
96,-4.1264905082176915,-2.138892071011358,0.9074495647165045,-1.4235569252961207,2.3873860566133,-3.668245980856646,-3.0604299896095855,1.2703692327710119,-7.834391563010138,5.346628617122917,2848.6627325354966
97,-4.190587765282739,-2.5939096428251016,0.6099879064359888,-1.4795900913208102,2.4184174278142443,-3.707435143625906,-3.2397801426016106,1.3187514693799955,-7.512094444692911,5.981243441743456,2835.463523419115
98,-3.9692309359988696,-2.802747244951587,-0.21321589150928794,-1.5120263430732106,2.299987494728846,-4.127032591112357,-3.1034343094324113,1.143871470464067,-7.32399961114656,5.631769011695235,2830.4607005835956
99,-3.771279769862113,-3.545660556459521,-0.4273367508601615,-1.5491010602183906,2.010002378418999,-3.4620388137721942,-3.2916559955509617,1.640070110005014,-7.640045801741249,5.603530266933188,2853.6919910123015
100,-3.3194464386326796,-3.402337374782487,-0.46360733119031816,-1.3481048277301058,1.7567227262408631,-3.6536085616725185,-3.5683761772416047,1.6549729959079174,-7.6921472146289185,5.717319290049224,2809.261858794908
101,-3.404232894861532,-3.245701096898328,-0.4861088282626306,-1.5437911375128448,1.2443499373146432,-3.7666139604886735,-3.119368094971413,1.6848722429152272,-7.748084800750773,6.078202243882058,2809.645885350495
102,-3.6317039407333294,-3.458250472352574,-0.8442621254739043,-1.642809718990542,1.2377065856109186,-3.102846198914599,-3.4291016276263644,1.9285623022789486,-7.430177836373129,5.727177555383496,2734.91040805834
103,-3.7381514595101,-3.3571422660326555,-1.1233553877353024,-1.7614791785174655,1.4640429527095304,-3.849112127569204,-3.337118161269284,2.0163902710754567,-7.737219237318087,6.06178346038445,2721.2611832255166
104,-3.2971123756793332,-3.7106195870219314,-1.2768103023342903,-1.592915877187434,1.3942337206019215,-4.00979284320779,-3.102033000782592,1.802945971148309,-7.172780173606755,6.130758662421618,2773.126930440578
105,-3.257709307843739,-2.6986024952155,-1.3991757366265158,-1.7173748521046102,1.634479577244947,-3.8074604834291446,-3.374370224993595,1.5107353121844096,-6.98053748997768,5.145678498347248,2733.185848175028
106,-3.668152452856292,-2.5012629310687275,-1.5288164114999847,-2.2488613471388827,2.126256938064396,-4.277954101702784,-3.5100924735005417,1.5291901159666128,-7.05525657886658,5.086067169025606,2713.118533656778
107,-3.6568965641957427,-2.6460905595566935,-1.539135631067692,-2.3605754137960173,1.2331923940244884,-4.034188145496707,-3.860994510751603,0.9221110421353118,-6.577643849883636,4.857523703176044,2683.037365180447
108,-3.6163689691048058,-2.8305977484530995,-1.6179813017025402,-2.0922587043335397,1.1712250620814717,-3.9266255885316004,-3.928122214943882,0.9876622524576348,-6.766012690180382,5.01000134661735,2720.5021936039343
109,-2.979935129164574,-2.2923875624977117,-1.364400308469274,-1.8778188395861384,1.942441357854981,-3.3718502586055727,-4.256994075178089,1.4833376362061794,-6.3513761320394,5.074278597872363,2669.6406525207212
110,-2.849816338374857,-2.141250023328059,-1.2278511493377626,-1.7527013147939197,2.0634010331154315,-2.914008015469916,-4.001067988317958,1.3664995841441474,-6.192566041076227,5.585602320102858,2631.85977076035
111,-2.5346973929913332,-1.9572319001339635,-1.2376851985938089,-2.153202539125808,2.1790932128252503,-3.0231190330446767,-4.182051099868455,1.7231385912503179,-6.110554688558299,5.691958171954086,2617.765259186913
112,-2.9405857178960875,-1.6370612229444745,-1.0642979033457844,-1.77295822638931,2.348899329355562,-3.124351327382243,-4.343456724726098,1.7357073540413086,-5.805490319539754,5.789974110939967,2605.19541977175
113,-3.3299681159117656,-1.3811467024668505,-1.0733538891184748,-1.642117475118134,2.007086740353021,-2.8611428248772546,-4.767390823705759,1.9100712195808565,-5.965471029126608,6.003425728330989,2624.681529914591
114,-3.24792312892556,-1.2901123956158635,-1.6347836236253175,-1.4009122390080788,2.4209572432599025,-3.0702216733163006,-5.049091025409998,1.533987549389042,-5.844708432059069,6.1825420842395395,2602.4932310711442
115,-3.580524055019165,-1.0224695343136596,-1.8151822085416198,-1.6554166585454206,2.7125330928012112,-3.111807269860384,-5.099030682878567,0.7779555765869867,-5.4407139791678905,6.06895572977383,2585.321672431617
116,-4.117104302060656,-0.7733800159575716,-2.106415705358478,-1.5971661464870242,2.860507126419171,-3.353745626029566,-4.912465484031129,0.9527633265881088,-5.385415971919173,6.7075751361741505,2610.792029265127
117,-3.860600885634545,-1.0153645466047818,-1.3760578160769898,-1.6036725229726618,2.9282890780679565,-3.683992988365584,-5.133961427897089,1.27260504907358,-4.954167001529749,6.754928698562521,2554.82500229581
118,-3.993167759193557,-1.399755553333192,-1.5344876484478598,-1.6646638640051092,2.3924661679682995,-3.2723208375064563,-5.009450439204841,1.3948483148547821,-4.403794947147035,6.591889229130823,2530.2947508207694
119,-3.274780155232471,-1.6029103286568096,-1.9868433211306338,-1.9041524565423291,2.2002993497673304,-3.1389747416778135,-4.728502988034258,1.4250506616946943,-4.278300869861788,6.2462425286296375,2536.87618683797
120,-3.7616207474255914,-1.5722999555951023,-1.5627518690176063,-2.2350770347209448,1.7192082069831027,-3.607746075027617,-5.163784698251599,1.9319895247618368,-4.505812546158832,5.897407392722817,2521.206094123584
121,-4.098575481386255,-1.7009293133621506,-1.3160491406171813,-2.2505143114283683,1.6391692664173116,-3.640443115020038,-4.958322240550958,2.2151012478735725,-4.485062901516037,5.832381796066478,2440.4520501470906
122,-4.605160425498646,-1.8774467173818072,-1.5285174726751818,-2.80428878173645,1.8783562276004848,-3.797378206995832,-4.950825226096955,2.4535407971230008,-4.395774218631973,6.283593748221227,2447.767784607744
123,-4.828148410300022,-1.607548467466955,-0.9153314730733378,-3.5103571993403757,1.4692083368377293,-3.459223789695524,-5.076339192169091,2.4547146465350043,-4.366755459698787,5.717356403748525,2491.056291031156
124,-4.746336738619226,-2.310473335607922,-1.2737634720353819,-3.1883288474163494,1.8412439827141098,-3.592505857835338,-4.792009688127662,3.177482936594864,-4.130060848933978,5.79756761109763,2482.125628335572
125,-4.388401475525937,-2.061504130767981,-1.1882147365172926,-3.363575849870903,1.293724971744276,-3.353975984586712,-5.208159426730687,2.94645204342042,-3.715716383884026,5.403266353655078,2438.14528796932
126,-4.787401672909664,-2.06020379019353,-1.7675763019982051,-3.669975832246323,1.124423220141795,-3.818304445395712,-5.500230104687108,3.184722980051548,-3.4120885419587523,5.129248890096724,2421.398861327665
127,-4.589690242126276,-1.736760220990331,-2.2963258707372325,-3.5488390898294058,1.9401105602166313,-3.2892256357655425,-5.235590805729056,3.1668433018182265,-3.9262477927580424,5.464898883398041,2384.1319577266095
128,-4.260214515514816,-1.7001772795003982,-2.24805423946028,-4.267410510084426,1.877618390409141,-3.8459675046026023,-5.2292573778154585,3.4484611661737095,-3.519576724628098,5.414205713729871,2420.425867505251
129,-3.6714457202041397,-1.4067110566414962,-2.379610614396221,-4.372263519806277,2.451457634807943,-3.994762142263048,-5.206199980566358,3.682785547096479,-3.124502110154396,5.557920338183745,2416.9487311584508
130,-3.669970056946972,-1.7902720840058046,-2.752253636162141,-4.464771692679327,2.438371257214786,-4.056593142441757,-5.1363456900063555,4.249357066528599,-2.894036414316813,5.748089375640175,2418.1898717472986
131,-3.4137327725877515,-2.0512696124384817,-2.4373238836530002,-4.884681410793663,2.670696536145115,-4.26240900932642,-5.087859338220738,4.619688252533923,-2.8683230442289416,6.015647115158326,2379.5981211537837
132,-3.6222862612608524,-1.2844278495723442,-1.8947360507527882,-4.743366537260894,2.661426501781782,-4.8385404193879795,-5.172387966186693,4.580504634393598,-3.0768612058003453,5.883799827652555,2364.4939339857365
133,-3.0942073497487534,-1.7017010951375693,-1.6567563827331253,-4.440033117265797,2.527819266227214,-4.948703193351378,-4.875076704279726,4.079673153837343,-2.6692284086575757,5.52977351238135,2403.1559935829628
134,-3.2536290749892762,-1.1974405484902104,-1.2657456379805596,-4.300786799230915,2.8762337074042907,-4.61775318616441,-5.196926937200305,3.9537927038254344,-2.6326290589556653,5.648064193750219,2361.3393132378856
135,-3.9866235419722016,-0.8922904667730076,-0.6619429303998128,-3.6946254131018277,2.5850211972089583,-4.655144291884334,-5.834547445177527,4.457009918421029,-2.999693019583025,5.708927850550076,2357.797149690115
136,-3.667398255411155,-0.8010677305365506,-0.6889100943368409,-4.32710452061346,2.6234132399402585,-4.870122128498083,-5.8471282448987765,4.550271133650896,-2.906452801157341,6.324391477436065,2301.124633847121
137,-3.34561135889802,-0.8427472806626599,-0.07614165725360147,-4.1942347852185575,2.795658429299931,-4.780769270017288,-6.330653043999939,4.778158845835951,-2.8366848761743118,6.268185234054801,2329.5287710764055
138,-3.319024713519487,-1.0915899896748402,0.04235173651400842,-3.777201480867004,2.596481578903796,-4.898428507953377,-6.598392119798727,5.393295039197489,-3.360313736005511,6.492234251202162,2376.1868373853795
139,-3.4603698430226717,-0.6099247971031695,0.4584931714950282,-3.8611666208125204,2.087077768811588,-4.336628759809334,-6.097745448280999,5.061175117959298,-2.9441343031534513,6.407068183937371,2371.1909464001665
140,-3.739912752102125,-1.0548881924135445,0.5915706935781697,-3.6711205108752076,2.1908254060050036,-3.9067617884179633,-5.932465993571694,5.218067494486795,-2.8288948839113397,6.169849689790356,2317.8562865286576
141,-3.627872516393707,-1.592212375509896,0.12593371176625534,-3.638270388178169,2.5780892813315,-3.392452379621924,-6.429719926172335,5.515165851075563,-2.837843139378283,6.083817707041732,2335.260693445576
142,-3.505044220339968,-0.9935722113598446,-0.03730995812771812,-3.633834662423188,2.7076478555229064,-3.6265383193984624,-5.9059284315608975,5.386186770816198,-3.0847712210930776,6.18807865120846,2318.594294232924
143,-3.5575914128972927,-1.6685606274353462,0.15783759545351286,-3.1902529266210125,3.5572773585825677,-3.805142937431298,-5.547610482553253,5.2588903782196175,-2.93742207615643,6.638918412350701,2374.6183087223953
144,-3.2089437246380443,-1.5665616002880705,-0.3832895703853612,-3.500316349873867,3.540394827483432,-3.77039798538625,-5.364831555901051,5.437588757970673,-2.5769659245300653,5.889746006984945,2233.4073511004476
145,-3.1307056507754867,-1.9220474520016824,-0.028436936357097896,-3.3303092590263024,3.6018784223177605,-3.7660647829725287,-5.3515427762481895,5.049805705216246,-2.3471315915339734,5.623599013800487,2305.1521235867244
146,-4.00150166399202,-1.7519472436487007,0.588577393388936,-3.90372410550773,4.1028156815633,-4.0414629685922705,-5.869224686659957,4.972511777315773,-2.2905342105899593,5.829993630597343,2207.5660892190244
147,-3.8038389163003887,-1.6245666006605857,0.6607603744154873,-3.7443901438788663,3.880386094714615,-4.017837603169177,-5.958045340433053,4.883578803854181,-2.654699769620098,5.539156947508674,2326.2047463664276
148,-3.6193568204135906,-1.510655727534482,0.6211155134698871,-3.7019960944933805,4.001911469855789,-3.7786992048676376,-5.9154668764828156,4.149859547851969,-2.794689889367861,5.8209551089480644,2349.732279109292
149,-3.870500186748131,-1.3092372093683282,0.46508371350720745,-3.9681546330267223,4.375168475836605,-4.218732326240842,-5.6920818208461625,4.237132163294607,-2.975257198579527,5.691602828916937,2298.7991390108737
150,-3.163124168183082,-1.534154526006415,0.2717667714885558,-3.88975368833662,4.153539345733466,-4.510967572451189,-5.37198190100853,4.362350355917882,-3.431468195218765,6.002965378373231,2307.2650518819596
151,-3.334964028686435,-1.3297787198463773,0.2765062485862703,-3.670878112686188,4.169220503744237,-4.875775350046207,-5.42058154615559,4.453211429525924,-3.5148470816750375,5.655121565052268,2317.2110391183746
152,-3.2714232711497138,-1.4546346394600633,0.2661537090645388,-4.2031777054372785,3.459422503819833,-5.016454473559068,-5.132732138453503,4.987476894870634,-3.442656476833514,5.790323269331154,2340.4511122314925
153,-3.030005186051925,-1.3784719651330213,0.27677584267827793,-4.337717016956491,4.3270684115067946,-5.36970976295716,-5.233205292258712,5.6321179240436425,-3.474081080467576,5.607246649422954,2242.495607435004
154,-3.0085624556528097,-1.1993161423277103,0.3852128923575644,-3.9702821240472668,4.559544841489117,-4.977821646547072,-5.669395185376499,5.358229106003219,-3.100313365764488,6.087114020431135,2296.5196345484874
155,-2.8544570086651664,-1.2182133664945662,0.5926079271333455,-4.452910311863931,4.105416154568783,-5.5168558243088395,-5.042623315422648,5.146311673154616,-3.194784315928219,5.935634676192118,2320.5477958567967
156,-2.5530932384424734,-1.53674923518454,0.5504323099613037,-4.077627283014723,4.410850048450655,-5.348366244284923,-5.11949915384304,5.716970631623627,-3.7639737304366205,6.165274977901847,2301.6828102108334
157,-2.259137076055156,-1.645427472449978,0.7316019085807207,-4.0934582128398285,4.8974997299258165,-5.659874029492858,-5.366339768951285,5.630316038000785,-3.6975493552547105,6.292349468947705,2297.2434394945276
158,-1.8865489182084034,-1.6541122744730137,1.0616671309951389,-3.8331368601811,5.50191070964418,-6.20533307675356,-5.439241745220861,5.63776386986474,-3.3418207332827947,5.963506277982101,2293.635840470072
159,-1.4333825058262941,-1.2972629663983457,1.1876641037506523,-3.552846045474564,4.961637410841727,-6.062635614639654,-5.960673835930329,5.408301589007082,-3.4560390388365305,5.948759273250537,2315.7093666026017
160,-1.1950134569907664,-1.2226513507797485,0.8905576241143529,-4.043637743036718,4.726045263681762,-6.048017200619972,-5.681979553350591,5.496298673647698,-3.238875098604185,5.4109639634818265,2337.7786556601086
161,-0.39570782895761436,-1.0868650140256029,1.4749915142955214,-4.342607735936635,4.612234720810304,-5.233657753781072,-5.881014820644373,5.794540096287305,-3.3319702363231563,5.427069307739359,2373.002360085567
162,0.30107319245178216,-1.773314782724904,1.8416072112329878,-3.9590143687241044,3.9661038610787775,-5.777571078378725,-6.477510000291402,5.402213814763785,-3.4897045008752663,5.368581013566739,2347.1973983667303
163,0.15094376723954045,-1.5076797867720373,2.082454735706135,-3.771582492281052,4.15424986789296,-6.108032597536816,-6.183277260553577,5.343610143306344,-3.5580951818245046,5.196763379236378,2322.0475524685717
164,0.5146316612583056,-0.9488225716208365,2.0804761249285706,-4.424772934608145,4.383526502218225,-6.387193785530933,-6.232802353579874,5.5196961305259,-2.8048662218497533,5.30137380819925,2361.8623675852573
165,0.7931930865057731,-1.2954702244827823,1.029799547119696,-4.281653230617827,4.424099575809266,-6.009929762294029,-6.300811863765803,5.082003102211817,-3.291767967646694,5.47983873881596,2396.42483814803
166,0.9768091812545896,-1.7136360444945893,0.8417435075099768,-4.59813257608798,3.9034958993392834,-6.166954512865536,-5.961624695010486,4.760059384355625,-3.783839226876074,5.3193141786104,2357.3226084048597
167,1.607327287606795,-0.8463559490584078,1.097900198964103,-4.730943574067686,3.31810689714955,-6.7050321968013,-5.992140267740192,4.971161103774342,-3.741250892950877,5.348287156731682,2379.6691497156685
168,0.923750177776431,-1.5562893661258819,0.8553718146366643,-4.917054451595976,3.8103121437107443,-6.97814054843522,-5.409146051040159,4.802189601211081,-3.5269416715783315,5.358791494952476,2413.80107488491
169,0.8022379799936121,-2.142827888158857,0.7483724163883936,-4.632171666542591,3.443514364611738,-7.703363275952355,-5.4718723468455615,4.734291310768081,-4.05024563290676,4.941759714500744,2379.8625525406246
170,0.6407510463216505,-2.2658686172610127,0.9799769018187982,-4.3361981013754205,3.4164985576548816,-7.3653241208933,-5.096206611263849,5.020981387814241,-4.75167085843757,4.958299615427264,2401.801350943307
171,0.22062721825205356,-2.547783018109607,1.1358147370878502,-4.3984313712491225,3.2684338433008144,-6.882867598275907,-5.400177769281091,4.996754353000017,-4.6037115791653775,5.120820239386238,2416.374015081381
172,0.004123735775614909,-2.5180330840410403,1.3273558773348528,-4.337010129214392,3.3380630882543536,-6.739595307570561,-5.612645244631335,4.636751610687368,-4.938294972716397,5.018774075658936,2440.2465387095895
173,-0.9256536379716145,-2.2038950081372395,1.5102318784868647,-4.617430745681608,3.140172877064015,-6.938326242399977,-5.24014155245412,4.505265330012651,-4.477266290574265,5.272209016426356,2376.0791135065383
174,-1.1952357255741786,-2.3491390434391244,1.5584526535499819,-4.578987320593909,3.4790904554127486,-7.0894369884857,-5.163191094535976,4.549382838952871,-4.067318792956178,4.997738952864438,2452.1081124824223
175,-1.1984183674011648,-2.654472446083811,1.8263003511444937,-4.367325844385114,3.325158282900138,-7.771950550809309,-4.6301777979268355,4.7438482096027474,-4.152889248571364,5.178543241040806,2442.815488150783
176,-1.3598656645200304,-2.6812792463086677,2.157946666061013,-4.649528304016519,4.30285171065273,-7.806515532912528,-4.5021919443039815,4.485447073473768,-4.041800547417881,4.846026031831928,2464.914885905408
177,-1.5506401137993882,-2.8393524474638543,1.9681040383272927,-4.901057735830306,4.466228321283744,-8.05150121482598,-4.7394140717462285,4.359821197124944,-4.166038706698352,4.4316461165348064,2509.843484493151
178,-1.7184088669595479,-2.9304813987138507,2.112760626797181,-4.741634322777183,4.306314738825791,-8.249102831493655,-4.545788344881548,4.767116362676963,-4.13764427482912,4.136239982768023,2507.565232033587
179,-2.049910187290993,-3.508705399077464,1.8421720198765508,-5.100262161514196,4.32298568101785,-8.68694391217075,-3.8876421485184367,5.271270346264007,-3.948745621067423,3.8356425150991016,2571.9847300771394
180,-1.8515030238300745,-4.053915417767585,2.249400533773773,-5.37456428468831,4.2868660807194665,-8.363862423173922,-3.2048356850089474,5.226314148628419,-3.8533526410031267,3.256598125177604,2534.606630884299
181,-1.279696666481342,-3.880628521462578,1.6730929749146992,-5.159069364772573,4.426423878079428,-8.565191337854815,-3.569095477372732,5.660708785117883,-3.7856989914563783,3.3276263705973874,2473.0022577265026
182,-0.8538631112027744,-3.457913798219366,1.7695212554487432,-4.994825067292653,4.114187052094342,-8.702558433460355,-3.3146093564575487,5.63527759812254,-3.748889303101333,3.6061802466522477,2526.201355568444
183,-1.3158300860106933,-3.320217369302276,1.5536730364720066,-5.015205045157427,4.386754506105689,-8.967219158436604,-2.8130698874911406,6.101111120410553,-3.4381643968066298,3.5542769024651517,2568.3736435054225
184,-1.6430250019100714,-3.5909398909031083,1.7738193476101098,-5.030019736556729,4.631046743342756,-8.745813431838764,-2.918968120899525,6.232185589939211,-3.2811615251400377,3.363117682021281,2573.47490559068
185,-1.54412832903459,-3.5447015848945265,1.7454686800662367,-5.040190325227411,4.1548490226085875,-8.53979373195826,-3.2703154774560286,5.988093703931649,-2.8298632659555767,3.291488565319895,2622.33487790896
186,-1.8243900946261635,-3.5735448157089054,1.8030984093910394,-5.220533466072157,4.30962019431913,-8.692017211784458,-3.1710638525358257,6.517061685820826,-2.8578052639132774,3.2047744313138127,2543.6125800414984
187,-1.8645790389850387,-3.742519011586808,1.5754737563262236,-4.949122808050365,3.7917357179630304,-8.500460010208247,-3.719143562875995,6.539100565914402,-3.127789585188778,3.3039299545652927,2625.042355174598
188,-2.135218151179293,-4.172811513228003,1.4775234313608092,-5.017201182201741,3.2458735076911727,-8.509180741914031,-4.563613449499473,6.7570446809473115,-3.0858981411995114,3.495880522215885,2630.758061489493
189,-2.4811042263868526,-4.265060938026182,1.6081779325876686,-5.121922740143179,2.7007569006494476,-8.256907297005352,-4.973014502549174,6.790652064395506,-2.659372421789617,3.8571263548492123,2648.060243118944
190,-2.3971986499049134,-4.143711246204901,1.4787173699683727,-5.445098505572806,2.7219827927983578,-8.396309345353936,-4.997683773358532,6.818994041828247,-3.138449999355813,4.420053330407368,2652.081659092999
191,-2.254108150908042,-4.715264635076722,1.7139898674099265,-5.722637242961588,2.736954846297535,-8.561567344270856,-4.701727522232538,6.2840079359619105,-3.5801122369930516,3.7540665539086957,2667.0674538606845
192,-2.2102069790597803,-4.710575302056515,1.1700384252034097,-5.350188307634057,3.1617990709423833,-8.621308172376168,-4.600593347631598,6.250562559104356,-3.3798528318911027,4.556712793112775,2645.0912548219217
193,-2.310241401247073,-4.14312595323824,1.0438580851176698,-5.201833381487647,3.8631060021870547,-8.494368245781024,-4.933589128537775,6.215988624322537,-3.6276648845027335,3.8180265856946467,2756.267762710884
194,-2.579795335650716,-4.133803803325523,0.6253355250736401,-5.685376959261714,3.6945339153243406,-8.456332840366882,-5.335388732665142,6.046821526198745,-4.418234893695563,3.821557257768014,2689.8654269248304
195,-2.1722051785755476,-3.6746368675477656,0.984464124664858,-5.687678551876595,3.6746871121856306,-8.180788083236433,-5.662428678608638,6.131435446339115,-5.079057167095497,3.820796375627899,2764.8246251779506
196,-2.4249482277920507,-4.261270344627089,1.4550118558508154,-6.0514184755049,3.644555756038621,-7.842778156744137,-5.963986250123106,5.9703401944395695,-5.252594499369118,4.110272188109177,2746.079540394108
197,-2.906282370838705,-3.901330890039394,1.0831025300697992,-6.095207759932703,3.1266116324885282,-7.731625057726284,-5.336592904173984,6.023218564536351,-5.383261187178662,4.273188308476755,2762.145105937527
198,-2.8353837553398944,-3.8978251560757218,1.2581898625330143,-5.953184882991774,3.2369438219389366,-8.28186738283367,-5.919511979681357,6.133787811389588,-4.984088119973228,3.8672893485014397,2838.438197599791
199,-2.7484946998098416,-3.5327992974367954,1.6735347778773295,-5.949229112546138,3.54771671100784,-7.883535067338835,-6.233572043449638,5.373801805432153,-5.219742544276409,3.749266360393628,2792.13150724244
200,-2.7335685924983273,-3.369208715949203,1.3753386493903972,-6.521344860233074,3.181839914606211,-7.814555938757281,-6.6151500036806725,5.5474582624682105,-5.523764141288018,3.9120247512956263,2850.7007661648067
201,-2.1960091353947635,-3.519162475031719,1.0782073583196778,-6.478254258218007,2.5198264039785574,-7.459618286641873,-6.124693386431625,5.101816943272458,-5.3445853461596835,3.629350995810904,2829.0879565819996
202,-1.9636198120897155,-3.8779614395599977,1.1783313797853903,-5.892532449325851,2.876326784055878,-7.586419603974193,-6.13308705725038,5.947257676895858,-5.272277746412216,3.7295691501490236,2863.635271629355
203,-2.260134865148662,-3.7720296114807548,1.9668140913800585,-6.586275645688412,3.2067755529242796,-7.567369636606394,-5.804667705060297,5.933601253250223,-5.752838720476179,4.26468398751337,2853.2414715037103
204,-2.685849332843365,-3.5707765662272335,1.905513300305951,-6.626294286641373,3.1784135010497017,-7.662424485186063,-5.720547122228974,5.7884320257945365,-5.736396533529228,4.298375035515087,2849.4500944350452
205,-2.3989539280468155,-3.1494211322177668,1.599968626929821,-6.853393730831646,3.3516158901988744,-7.495434475568115,-5.460706538905587,5.82346367358597,-5.7583489476387175,4.680286259935184,2875.1854510983785
206,-2.7339927648669344,-3.0428087522738685,1.6957035878091822,-6.595928023308658,2.8966000564608643,-7.26879219082134,-5.602420701633989,5.5300024175567595,-5.924113349663779,4.639105171020162,2934.371046233215
207,-3.173922553993606,-3.203047772997494,2.0919743900940246,-6.944739401788607,2.8825528318496474,-7.838313329491229,-5.240420652463983,5.693208515300839,-5.821475084351523,4.595865262514446,2941.018134306765
208,-3.0938313246578186,-3.381465179614045,1.8237380544137711,-6.623168821826146,2.8645845838908106,-7.554311811481586,-4.814125090109895,6.075623727064739,-5.611432338228562,4.996884841081057,2951.266964427342
209,-3.555507890698503,-3.366046905879044,1.1602222442866785,-6.428071929460493,2.7288008795720824,-7.12576284000726,-4.395423957258774,5.787936163722995,-6.167793904193871,4.585144620385451,2948.034208653418
210,-3.263833120330447,-3.3510996168787734,0.7948187291635324,-6.133899818393795,3.1923187255100025,-6.558095366417386,-4.289036932010254,6.026068125874483,-6.052833084998673,4.140244336501625,2974.5443607060124
211,-3.3117090279193735,-3.5864742457155656,1.0833233136019025,-6.595006868785985,2.825098387054542,-6.529459914581203,-4.810522567016371,5.468292244554757,-6.310627499364464,3.903485510167715,3012.0551136003583
212,-3.106766164591892,-3.7527175776341837,1.4774827212772783,-7.027150213656919,2.8182746210403122,-6.934296749297349,-4.723595483271796,5.791949178905222,-6.486055589642956,3.5347987196794723,3008.5757722051903
213,-2.6542414358494457,-3.8150982124436275,1.6256169328239416,-7.484376058656119,2.8741231000520586,-7.024591767595821,-4.624525919358801,6.055477274573593,-5.769597403859802,3.753007146266204,3027.130174861708
214,-3.219122923407176,-4.14449326340146,1.1452350904116482,-7.332792143179544,2.3116945362739454,-6.456759281540167,-4.500395652854322,5.798112919058015,-5.874984737903262,3.301075832362481,2991.522838968599
215,-3.088518497026602,-4.679842339747967,1.4934606813930709,-7.316414983828618,2.3363849153386655,-6.301155981596664,-4.684754605570818,5.645131436307105,-5.357878091019895,3.59202591886024,3029.723296765618
216,-2.8480378824841726,-4.821054855874368,1.326392769869124,-6.990437497217291,2.3685035497524707,-5.627567278125905,-4.925502047554539,6.092884569548484,-5.2868162406083545,3.7873022619575787,3040.1829267519374
217,-2.751371153318239,-4.646660084233374,1.555730457520405,-7.2044942396878575,2.221369081830776,-4.883969988159992,-4.89778423967841,6.056053216356113,-5.563112735874432,3.383095803353382,3049.333795390018
218,-3.1451510562587934,-4.948389391156281,2.213110410099934,-7.292284158113752,2.0246863463647733,-5.389587692946037,-4.779653120369359,5.818965478593801,-5.753700708368838,3.3219449040422844,3097.0443236119804
219,-3.385969764146673,-4.32428634432561,2.0632832118810636,-7.487067585985057,1.8248680745016774,-5.057406410135023,-4.64050848825873,5.946764349550496,-5.5944499674038575,3.0747260520701585,3157.202401912361
220,-3.3285293571250345,-4.974022680624961,1.8385198442963833,-6.8962840497472,1.339566398614866,-5.077707561332218,-4.397578474163742,6.197091694370543,-5.03263526995717,2.845151620818614,3153.267679804341
221,-3.791701883918728,-4.7007612824410865,2.175221041984188,-6.466522103021757,1.456745442449944,-5.36802351349543,-4.591931560259229,6.511815627096444,-4.669298332567576,2.617739412389521,3138.6511721726865
222,-4.3748243663456,-5.2778155991636355,2.132937553578425,-6.336040620930798,0.7899101535386741,-5.56557112918118,-5.259504369231322,6.351704009652083,-4.933695518664342,2.402750376389973,3104.1170314431097
223,-4.210616039656487,-5.027292888985514,2.1765098992187886,-5.693667279941966,1.854837413638677,-5.307126712248415,-5.235396308172339,6.5008724317883875,-5.14770926713252,2.2965649349088366,3160.588934743663
224,-4.616216370570944,-5.002156835256699,2.389525190510984,-5.132050987012702,2.127125323614201,-4.93141659808706,-5.40733837613741,6.680455476650576,-4.8712559161336735,2.0929292056013518,3200.238873590838
225,-3.9328727333406763,-5.3792593995429625,2.4232463916389713,-5.164468335336664,2.56167561214507,-5.580379032443587,-5.763705418424529,7.08062216931858,-5.270290422766185,2.604388128744218,3131.3362392633653
226,-4.303656601248964,-4.843232917022624,2.1977768697302285,-4.906663557419827,2.307829106481138,-6.027513062522534,-5.505480923070678,6.581070655535014,-5.420839186490079,2.3742638113624968,3148.8090716254806
227,-4.728486936865373,-4.297387468100682,2.0513279628223198,-5.126494594545302,2.9558490818023455,-6.143832399785513,-5.418300973706104,6.95371565934503,-5.500854447276904,2.091735921835769,3104.323531254225
228,-4.267830376551207,-4.286078005918449,1.827355457717574,-5.437038538678211,2.641713943586854,-6.346898451026517,-6.216197542860754,7.212689681475419,-5.658273159816562,2.377597038290582,3148.7835478161105
229,-4.685621274382429,-4.450731597839577,1.6962645393359599,-5.632527472411118,2.6124730917228045,-6.940202739289676,-5.888793347867229,7.611796899770582,-5.45886295779916,2.6114445536326154,3263.5099371894844
230,-4.313533029436659,-4.236268030712081,1.655505734185166,-5.514284007993837,2.5792304864250655,-6.54346336723328,-6.138985172857842,7.219386589348659,-5.347479696838968,2.8082551738134582,3272.95692048123
231,-4.252008175495213,-4.325198356865543,1.8628194254501305,-5.407117176261471,2.1350720399388208,-6.785756127421056,-6.201752409053429,7.710509802272043,-4.990447470054835,2.2561405770472076,3247.419242518122
232,-4.508311750953189,-4.097175802846995,1.7428242202263908,-5.211935743809784,2.586110932494455,-6.385071639364595,-6.5513132850097815,7.488126824392259,-5.021883683035397,2.334216040322716,3242.776685442833
233,-4.881914687436075,-4.452858924547661,1.5468961668385848,-5.073085921706542,2.554784220049741,-6.227874915737936,-6.683264922926739,6.9761312000597675,-5.27376173774932,2.8921184481123925,3221.254012611602
234,-5.598653836152487,-4.093545085164303,1.5334951252458535,-5.603220576900774,2.9825158282571835,-6.0430602484189455,-6.791270793695012,7.420005847565188,-5.4725702589753995,3.0014020632250342,3271.872251249356
235,-5.329971954472751,-3.9817732607351677,1.479950353561822,-5.597117103686948,2.829991882454128,-5.9849322755995376,-7.062581916070906,7.275915514252231,-5.4605904518566115,3.1377166823777047,3248.5422098335534
236,-4.756411437488147,-4.279880857884968,1.1849206939407115,-5.178227202352336,3.0484408144411144,-6.0705467917161915,-6.948402991895117,6.938219040992002,-5.256706791931918,3.379484377956886,3319.8725621720446
237,-4.72465089719311,-4.16059040929783,0.6965305909231718,-5.315811128645945,3.1263471793682727,-6.964379273932159,-7.1123150351109095,6.6281219356258685,-5.368454766178339,3.309586701945525,3296.51198340528
238,-4.288768016955222,-4.108683349405568,0.7248726481865564,-5.758434243766381,3.1489397276336613,-6.110337786599919,-7.558325555955419,6.202598186822611,-4.3787920403192535,3.3870392930572706,3306.873919654986
239,-4.493414243870126,-3.7140525210758746,0.8800694275158133,-5.9289615333760555,2.7608193772477865,-5.996275439716209,-7.480182059827269,6.619413771140927,-4.33739621309018,3.2323080405265263,3286.543694698304
240,-3.9931980014834214,-4.211998486494678,0.7225863063444046,-6.220286190153221,2.6472983256296643,-5.6880043156380715,-7.7035769784313,6.443871246580331,-4.206515168182616,3.382057351804638,3270.272021125205
241,-4.285320260352778,-4.513656829805772,0.8014884954295928,-6.684188244174916,2.324924880069684,-5.91351898269095,-7.778405064758977,6.377305912039705,-4.181367343351606,3.9621237377786915,3332.008003893117
242,-3.6568440326173675,-4.295911200439457,0.8619657183996366,-6.612295916153702,1.967327027828615,-6.301541828990857,-7.907916770773509,6.450168975982811,-4.471042493113273,4.026971741552731,3288.470141336294
243,-3.622176972624501,-4.011463135001282,0.971340527509165,-6.738134038326173,1.898984960777336,-5.743079566354778,-8.118175266488667,5.940070555492495,-4.473054273849037,4.025518594429795,3264.9413967058613
244,-3.2284095715898933,-3.7526573709439126,0.8435619357640222,-6.66650247152488,1.4708962895476165,-5.647504547163879,-7.762133645225174,5.955629657140054,-4.550524133005796,4.474897851737536,3344.992243544274
245,-3.5980334661729962,-3.701429244082374,0.790352208440608,-6.783124669337354,1.5367472279792986,-5.7455548347093925,-7.225975426076289,5.797204357248178,-4.44265840074275,4.348750723414342,3335.295365051897
246,-3.5970648383104233,-3.7910170237977696,0.6556678702438605,-7.0059967096791596,1.3189497583103043,-5.907411630612299,-7.830727596241013,5.659321169160389,-4.448505877148574,4.716469113585422,3314.0024208112554
247,-3.597866673546994,-3.725132741613567,0.5752619150995475,-7.543268327855531,1.7909880859484466,-5.5388568150863575,-8.055628127073984,6.105976610815607,-4.389375378380323,4.266458481772988,3333.2571718418285
248,-3.4343521803869894,-3.6952908824486883,0.9361756221072141,-7.656187372195521,1.592206264093202,-5.8549487294299025,-8.098213299844321,5.450507813093474,-4.07620095368692,3.983116990866619,3398.2775429359945
249,-3.3238686580006807,-3.938381509439635,1.0007466274733585,-8.011630887939942,1.5192065142035924,-6.444537002836463,-8.597692255789282,5.6310237347309515,-3.6971647585239773,4.09012544910487,3253.813230098657
250,-3.175722740882888,-4.733468479805651,0.7248930458907261,-8.086863896462713,2.172666991651502,-6.369246039458781,-8.409841542966571,5.550222615371809,-4.035569407959413,4.168851751654066,3323.4331546513336
251,-3.571885755910966,-4.8976388227571075,1.2691102294169703,-8.558559696457914,2.1376477480690723,-6.12692087910936,-8.538125572533115,5.163099853927234,-3.7434490113691856,3.8191841281961993,3341.7646285840224
252,-3.6908236789465034,-4.603311226220885,0.9146269167524875,-8.593453546312942,1.8681995083186376,-6.317417765447294,-8.464679212662475,4.543494131285423,-3.999156917036955,4.319050410086824,3318.9931981661025
253,-3.464658556337569,-4.75693949377704,1.1347667842311673,-8.847238950310395,1.4572223280202237,-6.799902605668388,-8.924065766016216,4.619036159493975,-4.206218881407352,4.894621779941914,3303.6841254671963
254,-3.108770433069141,-5.003050891487713,1.2545725614494916,-8.945184515684467,1.8192917592868025,-7.122596054283365,-8.924374802987984,4.404958738806377,-3.652711245911011,4.698278946768851,3373.987862681886
255,-3.374872244801309,-5.3546953747418256,1.3844347073718066,-9.080572488595243,1.7797549324971038,-7.098909640256535,-8.986412900966096,3.8791027675935603,-4.04140949462349,4.254270462101974,3396.251921668598
256,-2.819298335590835,-4.929354148769752,1.4134516358491283,-8.285821016612088,2.118317010007737,-7.614887476291801,-9.381668475003513,4.072720507145148,-3.916554137079119,4.197203875997754,3349.236755985254
257,-2.8454578740752097,-4.558649000141518,1.4629704737448188,-7.915035543173348,2.5688349538323,-7.852928931637649,-9.279954779864902,4.438908928162965,-3.3642865771147905,4.423243435832289,3352.84091293511
258,-2.7139063175637377,-4.565630376634448,1.8143494406666363,-7.748974605126941,2.539700982864942,-7.91279318754046,-9.641780833777107,4.3392036101560265,-2.7863559493605443,4.394514637655287,3288.222060056367
259,-2.8573591426415375,-4.716889133960654,1.9115435725833965,-7.967475033326327,2.798052090551731,-7.69384824286333,-9.165836033993381,4.739943430444654,-2.812112673692407,3.75593461594714,3298.4244667722714
260,-2.9966889562113974,-4.752336484130391,2.0101898626639985,-7.842589789150743,2.6624417246406034,-7.935754902713821,-9.658081163779986,4.372006098687466,-2.8409247158141873,4.112371714140459,3311.8064758397795
261,-2.744647083360968,-4.39323808932883,2.2369177734124994,-8.032062471430214,3.0337721829524122,-8.343386224084647,-9.685848803978729,4.317512391206232,-3.4224082708218777,4.68316472527982,3322.5197745296787
262,-3.3594736386454542,-4.181550457761354,3.0804613460639745,-8.053610343781456,3.041193255638809,-8.849831663099096,-9.737966434455034,4.678445823487923,-3.549389253206772,4.307738588136723,3283.1191073225555
263,-3.929134253950177,-3.8601514092817575,2.933289756651208,-8.357588452060007,3.562496844847768,-9.103923708452717,-9.65523906143561,5.432610180833433,-3.637996370165007,4.42165851230477,3326.5787921726906
264,-4.260913184654225,-3.961237340513782,3.0363863056770035,-8.642388626215947,3.3172963272026843,-9.223512405968197,-9.767502431515746,5.053273761346535,-4.075087144563417,4.033487199184834,3292.21400817373
265,-3.8001466231686485,-3.983425250723425,3.5648322981685543,-8.419836985078378,2.948183611300182,-9.424877318157137,-9.966455299345432,4.943718154730717,-4.057759770910867,4.7188034454129095,3300.707970330002
266,-3.918045854036233,-3.84709516689299,3.275996531882958,-8.896921900274029,2.9143090773006337,-9.434126260177909,-9.847056359645553,5.350415561498716,-4.27853597078601,4.525312859556884,3316.9968125389455
267,-3.555738437487296,-3.982987140887915,3.1313081252362154,-8.955593228167233,3.6804830119806247,-9.985839791490116,-10.1061874407365,5.591633135720471,-3.918681250377163,4.162013342372587,3281.0005755328007
268,-3.310698877891278,-4.212397247056841,3.0082562037969676,-9.175217933861592,3.709255693590959,-9.808249814025574,-10.400108005048592,5.665323872077122,-4.080311478500593,4.116508626996073,3229.5664646497007
269,-2.659167733592409,-4.309351138581748,2.9244128013766306,-9.374776051917705,3.486483836956289,-9.701858849437063,-10.437177832314175,5.355077998252955,-3.8977083608453293,4.129061004716569,3213.1101019435014
270,-2.298066731112401,-4.13177527448701,3.2290231313259543,-9.137451213212364,3.3718201278274686,-9.897734085894335,-10.340056261296523,5.052036973399577,-4.6064047270098065,3.9933160588870753,3221.4788957646533
271,-2.903208333185942,-4.5258952561037775,3.0007629718894413,-9.446934624716409,3.5261968801481722,-9.145686426165195,-9.767101342614568,4.8084513434962215,-4.125210287289987,4.109379553069817,3229.084278503411
272,-3.112927852743498,-3.8653554503082406,2.7436617964535626,-9.46495084274168,3.6575371720467222,-9.102119337211267,-9.99682808435118,4.8805622251134295,-4.738062424761191,4.146145667156415,3219.50475534657
273,-3.193815693004361,-4.307967577143172,2.1519787966564747,-10.058664544015537,3.2602841466894046,-8.845880433211068,-10.458294662858487,4.92478387163664,-4.601201976533087,3.7988224137815965,3202.55280133464
274,-3.2927924182071173,-3.7808934786496,2.2251692431442938,-10.164776538829253,3.1862487534124733,-8.93929147913721,-10.363221383319354,5.343118630986555,-4.790061087054402,4.0211515392159445,3213.873559208466
275,-4.360890426779265,-3.5950403422175428,1.621572263443137,-9.56033127322563,3.5305040767296894,-9.326984628264748,-9.871139360310393,5.145421629801258,-4.7178527286173475,4.25457003236223,3190.479671818961
276,-4.407484461490529,-3.966584755519718,1.7671075319980443,-9.734911699233376,3.500946123870088,-8.944806039518005,-9.962300795153517,5.266713368969311,-4.521629804119995,4.11133376594733,3194.644351081811
277,-4.699743286671669,-3.8934350082241007,1.6674247287714428,-9.944254273331884,3.5865091039713684,-9.113443387957911,-10.136869170269271,5.763949563824833,-4.525976639660562,4.292229437371318,3154.0002728066715
278,-4.276531385094678,-4.0330238343230915,1.2304217927173073,-10.083894616810639,3.860361470370624,-8.502154454609261,-10.37069416917493,5.207661217112197,-3.862051972419622,4.712604972105504,3190.9823032760733
279,-4.4286403923797355,-4.196018298370344,1.2176617421712361,-9.74474346352545,3.7112404980865654,-8.498185929573303,-10.172887833780747,5.3786496717469205,-3.674544459974876,4.597796509695987,3073.2803330836546
280,-5.022722303469112,-3.818951166499307,1.1790432415696264,-9.488627370923423,3.77147380417815,-8.940272923703668,-10.392876549077984,5.11122334856082,-3.3300152394723463,4.485710166827022,3136.3709792040413
281,-4.587823200817332,-4.063638951786634,0.9433903324031432,-9.560103708194237,3.529584459232263,-8.887273004186568,-10.245805215944301,5.269224807231107,-3.4326240549849842,4.5311970258377965,3117.063428754709
282,-5.245790292581902,-3.6275032076205282,0.9680156984664388,-9.440344258208086,3.2791360619712795,-8.429215973328795,-9.894362755245094,5.1064124815930585,-3.2829335499569687,4.920935565159417,3117.1010623939155
283,-5.057467731390037,-4.101794590799239,1.161036522295983,-8.973987091685572,2.907732051432393,-8.16755700781422,-9.999174659036115,5.054218183294732,-3.255124445926698,4.953554034563544,3136.652542902547
284,-4.876653718341208,-4.638868107334021,1.0043256942518566,-9.332170478248951,2.8615322859668257,-7.328550923016783,-10.295307148137587,5.140657594149744,-3.055863687879685,4.2596061638216725,3100.3412357246834
285,-5.200666615918601,-5.021306836316868,0.9779448220225894,-9.665211318705225,2.4002426739615346,-7.827646982863986,-10.124290650175228,5.438419108072795,-2.692615936640726,4.03248540003882,3067.679439693461
286,-5.1516475337469325,-4.824895468471865,1.5301449683281325,-10.198038323100485,1.971177990369534,-7.927589257000414,-10.551987087531339,5.257486285242563,-2.3970658431494645,3.8136918261852015,3039.0118007820906
287,-5.416888526689916,-4.8567344850239955,1.4703504099401499,-10.0113155898639,2.0109943862137585,-7.804390309703238,-10.436694136297191,5.103223667072322,-2.198074270997388,3.613440570965957,3055.42236659261
288,-5.752421546395227,-4.475417632749977,1.0714071846284587,-10.267018700916921,2.122712671632721,-7.240521179332326,-10.829881511205842,4.774709926099301,-2.6834720835058694,3.2878866111159737,3015.2388945291204
289,-5.735264685357368,-4.899063516391583,1.0669900600881974,-10.079990282151776,2.218583106436008,-6.572518328062081,-11.06005844445029,4.664273926077263,-2.8352492162815706,3.1896192620481,2993.0225619390626
290,-5.6731667217908806,-4.686127933185589,0.9340628032639896,-9.797652957880711,2.0408022999728495,-6.797166662188362,-11.29876626267859,4.519700349783678,-2.4939871111747656,3.11217901248845,3023.756406448209
291,-6.2741444095989225,-4.783223001601647,1.5628054446831248,-10.27647238880956,1.9558019088124197,-6.390346163039503,-11.97131824577253,4.934466354994284,-3.1480438246488194,3.161544327712775,2985.3959856389597
292,-5.9465725549895945,-4.985625764015479,1.3453492270927936,-9.724353203571237,1.8388964190041466,-6.7249159137620795,-11.65173846949096,5.229487666787976,-2.9860038115493386,3.2151653645474325,2970.4527165787017
293,-6.24790962168387,-5.403698051399247,1.013731366185852,-10.233030053710158,1.249912499153427,-7.015108006774761,-11.905172513294497,4.951618218299335,-2.997121901634732,3.342435460897337,2947.2101502989144
294,-6.0127860372068795,-5.418273522524348,0.9212500632496301,-10.37503314042967,1.1278592265649832,-7.137362287993519,-11.8194990661168,5.1401840587747705,-2.976337548447186,3.5881997765486187,2907.5923460585727
295,-5.676343377957031,-5.272411442671254,0.8640669259176535,-10.084509388893299,1.3126541231565023,-7.332905027076263,-11.653760876351692,5.546617082287522,-2.896475497746372,3.8252618345389764,2853.9635865200025
296,-5.686145928087284,-5.079761739764579,1.3630136034641547,-10.4859067801634,1.2570448318251892,-7.34519769560322,-11.404836030438814,5.913867580585114,-2.4876529681552153,4.201159066559463,2918.012195105652
297,-5.545538071126664,-5.242348479711902,1.1054776043747923,-10.585456108883056,1.4496061700251381,-6.951128757876552,-11.300035362345456,6.08415396464488,-2.296854804124562,3.8098764817960986,2908.8659006217276
298,-5.716808996474465,-5.166845585131531,1.457732548874241,-10.731759378421508,1.4739980134861972,-7.387750574340401,-11.231749252481809,6.5011145879209815,-2.323980508929292,3.874184539144412,2880.616793729504
299,-4.7192290631103155,-5.210708374251305,1.8649521461707879,-11.005489939564223,1.0629414637118555,-7.878347578916007,-10.941708196350517,5.98476525340995,-2.9329770578246914,3.480573166558667,2830.0365572865885
